
{
	"allowSleep" : true,
	"autoClearForces" : true,
	"body" : 
	[
		
		{
			"angle" : 0,
			"angularVelocity" : 0,
			"awake" : true,
			"customProperties" : 
			[
				
				{
					"int" : 2,
					"name" : "tipo"
				}
			],
			"fixture" : 
			[
				
				{
					"customProperties" : 
					[
						
						{
							"int" : 2,
							"name" : "tipo"
						}
					],
					"density" : 1,
					"filter-categoryBits" : 3,
					"name" : "block",
					"polygon" : 
					{
						"vertices" : 
						{
							"x" : 
							[
								2.249769210815430,
								2.249769210815430,
								-0.2570514678955078,
								0.2570514678955078
							],
							"y" : 
							[
								1.001798868179321,
								1.509638547897339,
								1.509638547897339,
								0.9934455752372742
							]
						}
					}
				},
				
				{
					"customProperties" : 
					[
						
						{
							"int" : 2,
							"name" : "tipo"
						}
					],
					"density" : 1,
					"filter-categoryBits" : 3,
					"name" : "block",
					"polygon" : 
					{
						"vertices" : 
						{
							"x" : 
							[
								0.2570514678955078,
								0.2570514678955078,
								-0.2570514678955078,
								-0.2570514678955078
							],
							"y" : 
							[
								-1.004796981811523,
								0.9934455752372742,
								1.509638547897339,
								-1.509642124176025
							]
						}
					}
				},
				
				{
					"customProperties" : 
					[
						
						{
							"int" : 2,
							"name" : "tipo"
						}
					],
					"density" : 1,
					"filter-categoryBits" : 3,
					"name" : "block",
					"polygon" : 
					{
						"vertices" : 
						{
							"x" : 
							[
								2.248478889465332,
								2.248478889465332,
								0.2570514678955078,
								-0.2570514678955078
							],
							"y" : 
							[
								-1.509642124176025,
								-1.012602806091309,
								-1.004796981811523,
								-1.509642124176025
							]
						}
					}
				}
			],
			"linearVelocity" : 0,
			"name" : "body4",
			"position" : 
			{
				"x" : 10.25045680999756,
				"y" : -3.989109992980957
			},
			"type" : 0
		},
		
		{
			"angle" : 0,
			"angularVelocity" : 0,
			"awake" : true,
			"customProperties" : 
			[
				
				{
					"int" : 2,
					"name" : "tipo"
				}
			],
			"fixture" : 
			[
				
				{
					"customProperties" : 
					[
						
						{
							"int" : 2,
							"name" : "tipo"
						}
					],
					"density" : 1,
					"filter-categoryBits" : 3,
					"name" : "block",
					"polygon" : 
					{
						"vertices" : 
						{
							"x" : 
							[
								0.9950091838836670,
								0.9950091838836670,
								-0.9950098991394043,
								-0.9950098991394043
							],
							"y" : [ -0.5, 0.5, 0.5, -0.5 ]
						}
					}
				}
			],
			"linearVelocity" : 0,
			"name" : "body3",
			"position" : 
			{
				"x" : 3.500080823898315,
				"y" : -3.483218193054199
			},
			"type" : 0
		},
		
		{
			"angle" : 0,
			"angularVelocity" : 0,
			"awake" : true,
			"customProperties" : 
			[
				
				{
					"int" : 2,
					"name" : "tipo"
				}
			],
			"fixture" : 
			[
				
				{
					"customProperties" : 
					[
						
						{
							"int" : 2,
							"name" : "tipo"
						}
					],
					"density" : 1,
					"filter-categoryBits" : 3,
					"name" : "block",
					"polygon" : 
					{
						"vertices" : 
						{
							"x" : [ 0.5, 0.5, -0.5, -0.5 ],
							"y" : 
							[
								-0.7534828186035156,
								0.7534828186035156,
								0.7534828186035156,
								-0.7534828186035156
							]
						}
					}
				}
			],
			"linearVelocity" : 0,
			"name" : "body2",
			"position" : 
			{
				"x" : 7.000113010406494,
				"y" : -7.739248275756836
			},
			"type" : 0
		},
		
		{
			"angle" : 0,
			"angularVelocity" : 0,
			"awake" : true,
			"customProperties" : 
			[
				
				{
					"int" : 2,
					"name" : "tipo"
				}
			],
			"fixture" : 
			[
				
				{
					"customProperties" : 
					[
						
						{
							"int" : 2,
							"name" : "tipo"
						}
					],
					"density" : 1,
					"filter-categoryBits" : 3,
					"name" : "block",
					"polygon" : 
					{
						"vertices" : 
						{
							"x" : 
							[
								0.9935159683227539,
								0.9935159683227539,
								-0.9935159683227539,
								-0.9935159683227539
							],
							"y" : 
							[
								-0.9975242614746094,
								0.9975242614746094,
								0.9975242614746094,
								-0.9975242614746094
							]
						}
					}
				}
			],
			"linearVelocity" : 0,
			"name" : "body1",
			"position" : 
			{
				"x" : 10.50109958648682,
				"y" : -9.493029594421387
			},
			"type" : 0
		},
		
		{
			"angle" : 0,
			"angularVelocity" : 0,
			"awake" : true,
			"customProperties" : 
			[
				
				{
					"int" : 2,
					"name" : "tipo"
				}
			],
			"fixture" : 
			[
				
				{
					"customProperties" : 
					[
						
						{
							"int" : 2,
							"name" : "tipo"
						}
					],
					"density" : 1,
					"filter-categoryBits" : 3,
					"name" : "block",
					"polygon" : 
					{
						"vertices" : 
						{
							"x" : [ 14.15439319610596, 13.68864345550537, 13.68864345550537 ],
							"y" : [ -5.646220684051514, -0.1023981571197510, -5.646220684051514 ]
						}
					}
				},
				
				{
					"customProperties" : 
					[
						
						{
							"int" : 2,
							"name" : "tipo"
						}
					],
					"density" : 1,
					"filter-categoryBits" : 3,
					"name" : "block",
					"polygon" : 
					{
						"vertices" : 
						{
							"x" : [ 14.15439319610596, 14.15439319610596, 13.68864345550537 ],
							"y" : [ -5.646220684051514, 0.9600323438644409, -0.1023981571197510 ]
						}
					}
				},
				
				{
					"customProperties" : 
					[
						
						{
							"int" : 2,
							"name" : "tipo"
						}
					],
					"density" : 1,
					"filter-categoryBits" : 3,
					"name" : "block",
					"polygon" : 
					{
						"vertices" : 
						{
							"x" : [ 14.15439319610596, -0.3674443662166596, 13.68864345550537 ],
							"y" : [ 0.9600323438644409, -0.06944820284843445, -0.1023981571197510 ]
						}
					}
				},
				
				{
					"customProperties" : 
					[
						
						{
							"int" : 2,
							"name" : "tipo"
						}
					],
					"density" : 1,
					"filter-categoryBits" : 3,
					"name" : "block",
					"polygon" : 
					{
						"vertices" : 
						{
							"x" : [ 14.15439319610596, -0.8646036386489868, -0.3674443662166596 ],
							"y" : [ 0.9600323438644409, 0.9378751516342163, -0.06944820284843445 ]
						}
					}
				},
				
				{
					"customProperties" : 
					[
						
						{
							"int" : 2,
							"name" : "tipo"
						}
					],
					"density" : 1,
					"filter-categoryBits" : 3,
					"name" : "block",
					"polygon" : 
					{
						"vertices" : 
						{
							"x" : [ 14.15439319610596, 13.68864345550537, 13.68864345550537 ],
							"y" : [ -5.656346797943115, -5.656346797943115, -13.67324066162109 ]
						}
					}
				},
				
				{
					"customProperties" : 
					[
						
						{
							"int" : 2,
							"name" : "tipo"
						}
					],
					"density" : 1,
					"filter-categoryBits" : 3,
					"name" : "block",
					"polygon" : 
					{
						"vertices" : 
						{
							"x" : [ 14.15439319610596, 14.15439319610596, 13.68864345550537 ],
							"y" : [ -14.10045337677002, -5.656346797943115, -13.67324066162109 ]
						}
					}
				},
				
				{
					"customProperties" : 
					[
						
						{
							"int" : 2,
							"name" : "tipo"
						}
					],
					"density" : 1,
					"filter-categoryBits" : 3,
					"name" : "block",
					"polygon" : 
					{
						"vertices" : 
						{
							"x" : [ 14.15439319610596, 13.68864345550537, -0.4009155035018921 ],
							"y" : [ -14.10045337677002, -13.67324066162109, -13.64993381500244 ]
						}
					}
				},
				
				{
					"customProperties" : 
					[
						
						{
							"int" : 2,
							"name" : "tipo"
						}
					],
					"density" : 1,
					"filter-categoryBits" : 3,
					"name" : "block",
					"polygon" : 
					{
						"vertices" : 
						{
							"x" : [ 14.15439319610596, -0.4009155035018921, -0.9038301706314087 ],